CRUISE6, PURPOSE_CODE, PURPOSE, STATUS_CODE, STATUS, SEASON, YEAR
196307,10,NMFS NEFSC BOTTOM TRAWL SURVEY,10,Audited,FALL,1963
196413,10,NMFS NEFSC BOTTOM TRAWL SURVEY,10,Audited,FALL,1964
196514,10,NMFS NEFSC BOTTOM TRAWL SURVEY,10,Audited,FALL,1965
196614,10,NMFS NEFSC BOTTOM TRAWL SURVEY,10,Audited,FALL,1966
196721,10,NMFS NEFSC BOTTOM TRAWL SURVEY,10,Audited,FALL,1967
196817,10,NMFS NEFSC BOTTOM TRAWL SURVEY,10,Audited,FALL,1968
196911,10,NMFS NEFSC BOTTOM TRAWL SURVEY,10,Audited,FALL,1969
197006,10,NMFS NEFSC BOTTOM TRAWL SURVEY,10,Audited,FALL,1970
197106,10,NMFS NEFSC BOTTOM TRAWL SURVEY,10,Audited,FALL,1971
197208,10,NMFS NEFSC BOTTOM TRAWL SURVEY,10,Audited,FALL,1972
197308,10,NMFS NEFSC BOTTOM TRAWL SURVEY,10,Audited,FALL,1973
197411,10,NMFS NEFSC BOTTOM TRAWL SURVEY,10,Audited,FALL,1974
197512,10,NMFS NEFSC BOTTOM TRAWL SURVEY,10,Audited,FALL,1975
197609,10,NMFS NEFSC BOTTOM TRAWL SURVEY,10,Audited,FALL,1976
197712,10,NMFS NEFSC BOTTOM TRAWL SURVEY,10,Audited,FALL,1977
197806,10,NMFS NEFSC BOTTOM TRAWL SURVEY,10,Audited,FALL,1978
197910,10,NMFS NEFSC BOTTOM TRAWL SURVEY,10,Audited,FALL,1979
198007,10,NMFS NEFSC BOTTOM TRAWL SURVEY,10,Audited,FALL,1980
198106,10,NMFS NEFSC BOTTOM TRAWL SURVEY,10,Audited,FALL,1981
198206,10,NMFS NEFSC BOTTOM TRAWL SURVEY,10,Audited,FALL,1982
198306,10,NMFS NEFSC BOTTOM TRAWL SURVEY,10,Audited,FALL,1983
198405,10,NMFS NEFSC BOTTOM TRAWL SURVEY,10,Audited,FALL,1984
198508,10,NMFS NEFSC BOTTOM TRAWL SURVEY,10,Audited,FALL,1985
198606,10,NMFS NEFSC BOTTOM TRAWL SURVEY,10,Audited,FALL,1986
198705,10,NMFS NEFSC BOTTOM TRAWL SURVEY,10,Audited,FALL,1987
198803,10,NMFS NEFSC BOTTOM TRAWL SURVEY,10,Audited,FALL,1988
198904,10,NMFS NEFSC BOTTOM TRAWL SURVEY,10,Audited,FALL,1989
199004,10,NMFS NEFSC BOTTOM TRAWL SURVEY,10,Audited,FALL,1990
199105,10,NMFS NEFSC BOTTOM TRAWL SURVEY,10,Audited,FALL,1991
199206,10,NMFS NEFSC BOTTOM TRAWL SURVEY,10,Audited,FALL,1992
199306,10,NMFS NEFSC BOTTOM TRAWL SURVEY,10,Audited,FALL,1993
199406,10,NMFS NEFSC BOTTOM TRAWL SURVEY,10,Audited,FALL,1994
199507,10,NMFS NEFSC BOTTOM TRAWL SURVEY,10,Audited,FALL,1995
199604,10,NMFS NEFSC BOTTOM TRAWL SURVEY,10,Audited,FALL,1996
199706,10,NMFS NEFSC BOTTOM TRAWL SURVEY,10,Audited,FALL,1997
199804,10,NMFS NEFSC BOTTOM TRAWL SURVEY,10,Audited,FALL,1998
199908,10,NMFS NEFSC BOTTOM TRAWL SURVEY,10,Audited,FALL,1999
200005,10,NMFS NEFSC BOTTOM TRAWL SURVEY,10,Audited,FALL,2000
200109,10,NMFS NEFSC BOTTOM TRAWL SURVEY,10,Audited,FALL,2001
200209,10,NMFS NEFSC BOTTOM TRAWL SURVEY,10,Audited,FALL,2002
200306,10,NMFS NEFSC BOTTOM TRAWL SURVEY,10,Audited,FALL,2003
200407,10,NMFS NEFSC BOTTOM TRAWL SURVEY,10,Audited,FALL,2004
200510,10,NMFS NEFSC BOTTOM TRAWL SURVEY,10,Audited,FALL,2005
200610,10,NMFS NEFSC BOTTOM TRAWL SURVEY,10,Audited,FALL,2006
200709,10,NMFS NEFSC BOTTOM TRAWL SURVEY,10,Audited,FALL,2007
200807,10,NMFS NEFSC BOTTOM TRAWL SURVEY,10,Audited,FALL,2008
200904,10,NMFS NEFSC BOTTOM TRAWL SURVEY,10,Audited,FALL,2009
201004,10,NMFS NEFSC BOTTOM TRAWL SURVEY,10,Audited,FALL,2010
201105,10,NMFS NEFSC BOTTOM TRAWL SURVEY,10,Audited,FALL,2011
201204,10,NMFS NEFSC BOTTOM TRAWL SURVEY,10,Audited,FALL,2012
201304,10,NMFS NEFSC BOTTOM TRAWL SURVEY,10,Audited,FALL,2013
201404,10,NMFS NEFSC BOTTOM TRAWL SURVEY,10,Audited,FALL,2014
201504,10,NMFS NEFSC BOTTOM TRAWL SURVEY,10,Audited,FALL,2015
201604,10,NMFS NEFSC BOTTOM TRAWL SURVEY,10,Audited,FALL,2016
201704,10,NMFS NEFSC BOTTOM TRAWL SURVEY,10,Audited,FALL,2017
201804,10,NMFS NEFSC BOTTOM TRAWL SURVEY,10,Audited,FALL,2018
201904,10,NMFS NEFSC BOTTOM TRAWL SURVEY,10,Audited,FALL,2019
202104,10,NMFS NEFSC BOTTOM TRAWL SURVEY,10,Audited,FALL,2021
202204,10,NMFS NEFSC BOTTOM TRAWL SURVEY,10,Audited,FALL,2022
