CRUISE6, PURPOSE_CODE, PURPOSE, STATUS_CODE, STATUS, SEASON, YEAR
196803,10,NMFS NEFSC BOTTOM TRAWL SURVEY,10,Audited,SPRING,1968
196902,10,NMFS NEFSC BOTTOM TRAWL SURVEY,10,Audited,SPRING,1969
197003,10,NMFS NEFSC BOTTOM TRAWL SURVEY,10,Audited,SPRING,1970
197101,10,NMFS NEFSC BOTTOM TRAWL SURVEY,10,Audited,SPRING,1971
197202,10,NMFS NEFSC BOTTOM TRAWL SURVEY,10,Audited,SPRING,1972
197303,10,NMFS NEFSC BOTTOM TRAWL SURVEY,10,Audited,SPRING,1973
197404,10,NMFS NEFSC BOTTOM TRAWL SURVEY,10,Audited,SPRING,1974
197503,10,NMFS NEFSC BOTTOM TRAWL SURVEY,10,Audited,SPRING,1975
197602,10,NMFS NEFSC BOTTOM TRAWL SURVEY,10,Audited,SPRING,1976
197702,10,NMFS NEFSC BOTTOM TRAWL SURVEY,10,Audited,SPRING,1977
197804,10,NMFS NEFSC BOTTOM TRAWL SURVEY,10,Audited,SPRING,1978
197904,10,NMFS NEFSC BOTTOM TRAWL SURVEY,10,Audited,SPRING,1979
198002,10,NMFS NEFSC BOTTOM TRAWL SURVEY,10,Audited,SPRING,1980
198102,10,NMFS NEFSC BOTTOM TRAWL SURVEY,10,Audited,SPRING,1981
198202,10,NMFS NEFSC BOTTOM TRAWL SURVEY,10,Audited,SPRING,1982
198303,10,NMFS NEFSC BOTTOM TRAWL SURVEY,10,Audited,SPRING,1983
198402,10,NMFS NEFSC BOTTOM TRAWL SURVEY,10,Audited,SPRING,1984
198502,10,NMFS NEFSC BOTTOM TRAWL SURVEY,10,Audited,SPRING,1985
198603,10,NMFS NEFSC BOTTOM TRAWL SURVEY,10,Audited,SPRING,1986
198702,10,NMFS NEFSC BOTTOM TRAWL SURVEY,10,Audited,SPRING,1987
198801,10,NMFS NEFSC BOTTOM TRAWL SURVEY,10,Audited,SPRING,1988
198901,10,NMFS NEFSC BOTTOM TRAWL SURVEY,10,Audited,SPRING,1989
199002,10,NMFS NEFSC BOTTOM TRAWL SURVEY,10,Audited,SPRING,1990
199102,10,NMFS NEFSC BOTTOM TRAWL SURVEY,10,Audited,SPRING,1991
199202,10,NMFS NEFSC BOTTOM TRAWL SURVEY,10,Audited,SPRING,1992
199302,10,NMFS NEFSC BOTTOM TRAWL SURVEY,10,Audited,SPRING,1993
199402,10,NMFS NEFSC BOTTOM TRAWL SURVEY,10,Audited,SPRING,1994
199503,10,NMFS NEFSC BOTTOM TRAWL SURVEY,10,Audited,SPRING,1995
199602,10,NMFS NEFSC BOTTOM TRAWL SURVEY,10,Audited,SPRING,1996
199702,10,NMFS NEFSC BOTTOM TRAWL SURVEY,10,Audited,SPRING,1997
199802,10,NMFS NEFSC BOTTOM TRAWL SURVEY,10,Audited,SPRING,1998
199902,10,NMFS NEFSC BOTTOM TRAWL SURVEY,10,Audited,SPRING,1999
200002,10,NMFS NEFSC BOTTOM TRAWL SURVEY,10,Audited,SPRING,2000
200102,10,NMFS NEFSC BOTTOM TRAWL SURVEY,10,Audited,SPRING,2001
200202,10,NMFS NEFSC BOTTOM TRAWL SURVEY,10,Audited,SPRING,2002
200303,10,NMFS NEFSC BOTTOM TRAWL SURVEY,10,Audited,SPRING,2003
200402,10,NMFS NEFSC BOTTOM TRAWL SURVEY,10,Audited,SPRING,2004
200503,10,NMFS NEFSC BOTTOM TRAWL SURVEY,10,Audited,SPRING,2005
200604,10,NMFS NEFSC BOTTOM TRAWL SURVEY,10,Audited,SPRING,2006
200703,10,NMFS NEFSC BOTTOM TRAWL SURVEY,10,Audited,SPRING,2007
200803,10,NMFS NEFSC BOTTOM TRAWL SURVEY,10,Audited,SPRING,2008
200902,10,NMFS NEFSC BOTTOM TRAWL SURVEY,10,Audited,SPRING,2009
201001,10,NMFS NEFSC BOTTOM TRAWL SURVEY,10,Audited,SPRING,2010
201102,10,NMFS NEFSC BOTTOM TRAWL SURVEY,10,Audited,SPRING,2011
201202,10,NMFS NEFSC BOTTOM TRAWL SURVEY,10,Audited,SPRING,2012
201302,10,NMFS NEFSC BOTTOM TRAWL SURVEY,10,Audited,SPRING,2013
201402,10,NMFS NEFSC BOTTOM TRAWL SURVEY,10,Audited,SPRING,2014
201502,10,NMFS NEFSC BOTTOM TRAWL SURVEY,10,Audited,SPRING,2015
201602,10,NMFS NEFSC BOTTOM TRAWL SURVEY,10,Audited,SPRING,2016
201702,10,NMFS NEFSC BOTTOM TRAWL SURVEY,10,Audited,SPRING,2017
201802,10,NMFS NEFSC BOTTOM TRAWL SURVEY,10,Audited,SPRING,2018
201902,10,NMFS NEFSC BOTTOM TRAWL SURVEY,10,Audited,SPRING,2019
202002,10,NMFS NEFSC BOTTOM TRAWL SURVEY,10,Audited,SPRING,2020
202102,10,NMFS NEFSC BOTTOM TRAWL SURVEY,10,Audited,SPRING,2021
202202,10,NMFS NEFSC BOTTOM TRAWL SURVEY,10,Audited,SPRING,2022
