CRUISE6, PURPOSE_CODE, PURPOSE, STATUS_CODE, STATUS, SEASON, YEAR
199201,10,NMFS NEFSC BOTTOM TRAWL SURVEY,10,Audited,WINTER,1992
199301,10,NMFS NEFSC BOTTOM TRAWL SURVEY,10,Audited,WINTER,1993
199401,10,NMFS NEFSC BOTTOM TRAWL SURVEY,10,Audited,WINTER,1994
199502,10,NMFS NEFSC BOTTOM TRAWL SURVEY,10,Audited,WINTER,1995
199601,10,NMFS NEFSC BOTTOM TRAWL SURVEY,10,Audited,WINTER,1996
199701,10,NMFS NEFSC BOTTOM TRAWL SURVEY,10,Audited,WINTER,1997
199801,10,NMFS NEFSC BOTTOM TRAWL SURVEY,10,Audited,WINTER,1998
199901,10,NMFS NEFSC BOTTOM TRAWL SURVEY,10,Audited,WINTER,1999
200001,10,NMFS NEFSC BOTTOM TRAWL SURVEY,10,Audited,WINTER,2000
200101,10,NMFS NEFSC BOTTOM TRAWL SURVEY,10,Audited,WINTER,2001
200201,10,NMFS NEFSC BOTTOM TRAWL SURVEY,10,Audited,WINTER,2002
200302,10,NMFS NEFSC BOTTOM TRAWL SURVEY,10,Audited,WINTER,2003
200401,10,NMFS NEFSC BOTTOM TRAWL SURVEY,10,Audited,WINTER,2004
200501,10,NMFS NEFSC BOTTOM TRAWL SURVEY,10,Audited,WINTER,2005
200603,10,NMFS NEFSC BOTTOM TRAWL SURVEY,10,Audited,WINTER,2006
200702,10,NMFS NEFSC BOTTOM TRAWL SURVEY,10,Audited,WINTER,2007
